symbol,AssetType,Name,Description,CIK,Exchange,Currency,Country,Sector,Industry,Address,OfficialSite,FiscalYearEnd,LatestQuarter,MarketCapitalization,EBITDA,PERatio,PEGRatio,BookValue,DividendPerShare,DividendYield,EPS,RevenuePerShareTTM,ProfitMargin,OperatingMarginTTM,ReturnOnAssetsTTM,ReturnOnEquityTTM,RevenueTTM,GrossProfitTTM,DilutedEPSTTM,QuarterlyEarningsGrowthYOY,QuarterlyRevenueGrowthYOY,AnalystTargetPrice,AnalystRatingStrongBuy,AnalystRatingBuy,AnalystRatingHold,AnalystRatingSell,AnalystRatingStrongSell,TrailingPE,ForwardPE,PriceToSalesRatioTTM,PriceToBookRatio,EVToRevenue,EVToEBITDA,Beta,52WeekHigh,52WeekLow,50DayMovingAverage,200DayMovingAverage,SharesOutstanding,DividendDate,ExDividendDate
TMUS,Common Stock,T-Mobile US Inc,"T-Mobile US, Inc., doing business under the global brand name T-Mobile, is an American wireless network operator. Its headquarters are located in Bellevue, Washington, in the Seattle metropolitan area and Overland Park, Kansas, in the Kansas City metropolitan area.",1283699,NASDAQ,USD,USA,TECHNOLOGY,RADIOTELEPHONE COMMUNICATIONS,"12920 SE 38TH STREET, BELLEVUE, WA, US",https://www.t-mobile.com,December,2024-09-30,284145975000,30663999000.0,27.95,0.982,55.17,2.83,0.0144,8.76,68.39,0.13,0.238,0.0524,0.161,80005997000,47559000000,8.76,0.434,0.047,241.51,8,15,3,1,1,27.95,22.32,3.552,4.422,4.881,13.01,0.496,248.15,151.6,223.95,187.6,1160490000,2025-03-13,2025-02-28
PM,Common Stock,Philip Morris International Inc,"Philip Morris International Inc. (PMI) is a Swiss-American multinational cigarette and tobacco manufacturing company, with products sold in over 180 countries. The most recognized and best selling product of the company is Marlboro.",1413329,NYSE,USD,USA,MANUFACTURING,CIGARETTES,"120 PARK AVENUE, NEW YORK, NY, US",https://www.pmi.com,December,2024-09-30,202998596000,15301000000.0,20.69,1.62,-6.24,5.25,0.0414,6.31,23.96,0.264,0.434,0.131,0.0,37219000000,20534000000,6.31,0.493,0.084,136.0,3,6,4,1,0,20.69,18.8,5.45,-,6.66,16.4,0.56,134.15,85.02,126.3,109.71,1554830000,2024-10-10,2024-09-26
GS,Common Stock,Goldman Sachs Group Inc,"The Goldman Sachs Group, Inc., is an American multinational investment bank and financial services company headquartered in New York City. It offers services in investment management, securities, asset management, prime brokerage, and securities underwriting. It also provides investment banking to institutional investors.",886982,NYSE,USD,USA,FINANCE,"SECURITY BROKERS, DEALERS & FLOTATION COMPANIES","200 WEST STREET, NEW YORK, NY, US",https://www.goldmansachs.com,December,2024-09-30,188245557000,,17.58,4.051,327.61,11.25,0.02,34.12,149.01,0.246,0.327,0.0074,0.102,49387000000,37530000000,34.12,0.536,0.042,590.37,6,7,8,0,1,17.58,14.58,3.812,1.744,2.666,-,1.342,611.91,340.79,549.09,476.38,313910000,2024-12-30,2024-12-02
AAPL,Common Stock,Apple Inc,"Apple Inc. is an American multinational technology company that specializes in consumer electronics, computer software, and online services. Apple is the world's largest technology company by revenue (totalling $274.5 billion in 2020) and, since January 2021, the world's most valuable company. As of 2021, Apple is the world's fourth-largest PC vendor by unit sales, and fourth-largest smartphone manufacturer. It is one of the Big Five American information technology companies, along with Amazon, Google, Microsoft, and Facebook.",320193,NASDAQ,USD,USA,TECHNOLOGY,ELECTRONIC COMPUTERS,"ONE INFINITE LOOP, CUPERTINO, CA, US",https://www.apple.com,September,2024-09-30,3587432776000,134660997000.0,39.03,2.427,3.767,0.98,0.0043,6.08,25.48,0.24,0.312,0.215,1.574,391034995000,170782000000,6.08,-0.341,0.061,244.48,8,23,12,1,2,39.03,31.55,9.17,62.36,9.19,26.68,1.24,237.81,163.49,228.72,205.56,15115800000,2024-11-14,2024-11-08
V,Common Stock,Visa Inc. Class A,"Visa Inc. is an American multinational financial services corporation headquartered in Foster City, California, United States. It facilitates electronic funds transfers throughout the world, most commonly through Visa-branded credit cards, debit cards and prepaid cards. Visa is one of the world's most valuable companies.",1403161,NYSE,USD,USA,TRADE & SERVICES,"SERVICES-BUSINESS SERVICES, NEC","P.O. BOX 8999, SAN FRANCISCO, CA, US",https://www.visa.com,September,2024-09-30,608999178000,24973001000.0,32.35,1.964,20.08,2.15,0.0075,9.74,19.59,0.55,0.661,0.162,0.507,35926000000,31917000000,9.74,0.169,0.117,322.6,11,18,9,0,0,32.35,28.09,16.95,16.0,17.16,24.09,0.952,316.37,250.22,291.48,278.39,1728100000,2024-12-02,2024-11-12
HON,Common Stock,Honeywell International Inc,"Honeywell International Inc. is an American publicly traded, multinational conglomerate headquartered in Charlotte, North Carolina. It primarily operates in four areas of business: aerospace, building technologies, performance materials and technologies (PMT), and safety and productivity solutions (SPS).",773840,NASDAQ,USD,USA,MANUFACTURING,MOTOR VEHICLE PARTS & ACCESSORIES,"115 TABOR ROAD, MORRIS PLAINS, NJ, US",https://www.honeywell.com,December,2024-09-30,148945568000,9164000000.0,26.45,1.911,26.77,4.32,0.0197,8.66,58.02,0.15,0.221,0.0733,0.319,37850001000,11641000000,8.66,-0.048,0.056,241.29,2,8,15,0,1,26.45,20.75,3.935,8.56,4.462,17.96,1.025,241.58,185.69,219.11,207.2,650247000,2024-12-06,2024-11-15
PLTR,Common Stock,Palantir Technologies Inc. Class A Common Stock,"Palantir Technologies Inc. creates and implements software platforms for the intelligence community in the United States to assist in counterterrorism investigations and operations. The company is headquartered in Denver, Colorado.",1321655,NYSE,USD,USA,TECHNOLOGY,SERVICES-PREPACKAGED SOFTWARE,"1555 BLAKE STREET, SUITE 250, DENVER, CO, US",https://www.palantir.com,December,2024-09-30,165065245000,397707000.0,354.45,3.103,1.982,,,0.2,1.192,0.18,0.156,0.0458,0.124,2646338000,1497322000,0.2,1.0,0.3,40.47,1,3,8,5,2,354.45,151.52,62.38,35.9,59.4,303.26,2.697,80.91,15.66,52.38,32.77,2180650000,,
WMT,Common Stock,Walmart Inc,"Walmart Inc. is an American multinational retail corporation that operates a chain of hypermarkets, discount department stores, and grocery stores from the United States, headquartered in Bentonville, Arkansas. It also owns and operates Sam's Club retail warehouses.",104169,NYSE,USD,USA,TRADE & SERVICES,RETAIL-VARIETY STORES,"702 SOUTHWEST 8TH ST, BENTONVILLE, AR, US",https://corporate.walmart.com,January,2024-10-31,743538098000,40779002000.0,38.07,2.758,10.41,0.0,0.0099,2.43,82.5,0.0234,0.0469,0.0695,0.185,665035014000,147568000000,2.43,-0.423,0.048,95.44,13,24,4,1,0,38.07,33.22,1.118,8.38,1.173,18.69,0.516,92.64,49.37,82.8,70.1,8038250000,2025-01-06,2024-12-12
GE,Common Stock,GE Aerospace,"General Electric Company (GE) is an American multinational conglomerate incorporated in New York City and headquartered in Boston. As of 2018, the company operates through the following segments: aviation, healthcare, power, renewable energy, digital industry, additive manufacturing and venture capital and finance.",40545,NYSE,USD,USA,MANUFACTURING,ELECTRONIC & OTHER ELECTRICAL EQUIPMENT (NO COMPUTER EQUIP),"41 FARNSWORTH STREET, BOSTON, MA, US",https://www.geaerospace.com,December,2024-09-30,190028481000,8935000000.0,34.63,1.918,17.44,0.92,0.0064,5.07,64.33,0.0893,0.182,0.0302,0.226,69953004000,18536000000,5.07,6.06,0.058,209.83,5,12,1,0,0,34.63,32.26,2.716,10.07,2.773,19.48,1.188,194.8,94.95,182.19,164.78,1082290000,2024-10-25,2024-09-26
BRK-B,Common Stock,Berkshire Hathaway Inc,"Berkshire Hathaway Inc. is an American multinational conglomerate holding company headquartered in Omaha, Nebraska, United States. The company wholly owns GEICO, Duracell, Dairy Queen, BNSF, Lubrizol, Fruit of the Loom, Helzberg Diamonds, Long & Foster, FlightSafety International, Pampered Chef, Forest River, and NetJets, and also owns 38.6% of Pilot Flying J; and significant minority holdings in public companies Kraft Heinz Company (26.7%), American Express (18.8%), The Coca-Cola Company (9.32%), Bank of America (11.9%), and Apple (6.3%).",1067983,NYSE,USD,USA,FINANCE,"FIRE, MARINE & CASUALTY INSURANCE","3555 FARNAM STREET, OMAHA, NE, US",https://www.berkshirehathaway.com,December,2024-09-30,1041130324000,149547008000.0,9.77,10.06,437445.53,,,49.46,257067.58,0.289,0.36,0.0789,0.184,369893016000,-28087000000,49.46,-0.147,-0.002,497.67,0,2,2,0,0,9.77,24.57,2.815,1.656,2.492,-,0.871,491.67,350.85,461.23,430.63,1328450000,,
LMT,Common Stock,Lockheed Martin Corporation,"Lockheed Martin Corporation is an American aerospace, defense, information security, and technology company with worldwide interests. It is headquartered in North Bethesda, Maryland, in the Washington, D.C., area.",936468,NYSE,USD,USA,MANUFACTURING,GUIDED MISSILES & SPACE VEHICLES & PARTS,"6801 ROCKLEDGE DR, BETHESDA, MD, US",https://www.lockheedmartin.com,December,2024-09-30,117249368000,10226000000.0,17.89,4.048,30.51,12.6,0.0267,27.65,296.57,0.0936,0.127,0.0999,0.81,71295001000,8387000000,27.65,0.01,0.013,597.64,2,8,11,0,2,17.89,17.39,1.645,16.28,1.871,12.84,0.481,615.09,403.36,554.31,508.87,237035000,2024-12-27,2024-12-02
KKR,Common Stock,KKR & Co LP,,1404912,NYSE,USD,USA,FINANCE,INVESTMENT ADVICE,"9 WEST 57TH STREET, SUITE 4200, NEW YORK, NY, US",https://www.kkr.com,December,2024-09-30,145239179000,,48.73,0.701,27.14,0.69,0.0044,3.23,31.39,0.107,0.262,0.0157,0.0828,27816323000,2337084000,3.23,-0.61,0.238,162.97,6,11,2,0,1,48.73,25.32,5.22,5.8,3.25,7.93,1.606,163.68,78.46,145.61,117.64,888229000,2024-11-19,2024-11-04
BMY,Common Stock,Bristol-Myers Squibb Company,"Bristol Myers Squibb (BMS) is an American multinational pharmaceutical company, headquartered in New York City. Bristol Myers Squibb manufactures prescription pharmaceuticals and biologics in several therapeutic areas, including cancer, AIDS, cardiovascular disease, diabetes, hepatitis, rheumatoid arthritis and psychiatric disorders.",14272,NYSE,USD,USA,LIFE SCIENCES,PHARMACEUTICAL PREPARATIONS,"430 E. 29TH STREET, 14 FLOOR, NEW YORK, NY, US",https://www.bms.com,December,2024-09-30,113131872000,19161999000.0,,1.922,8.45,2.4,0.0445,-3.58,23.41,-0.153,0.185,0.0607,-0.313,47435002000,36378000000,-3.58,-0.358,0.084,60.58,4,3,18,1,0,-,7.88,2.385,6.6,3.298,30.85,0.441,61.08,38.6,55.75,49.1,2028180000,2025-02-03,2025-01-03
LRCX,Common Stock,Lam Research Corp,"Lam Research Corporation is an American corporation that engages in the design, manufacture, marketing, and service of semiconductor processing equipment used in the fabrication of integrated circuits. Its products are used primarily in front-end wafer processing, which involves the steps that create the active components of semiconductor devices (transistors, capacitors) and their wiring (interconnects). The company also builds equipment for back-end wafer-level packaging (WLP), and for related manufacturing markets such as for microelectromechanical systems (MEMS). The company is headquartered in Fremont, California, in the Silicon Valley.",707549,NASDAQ,USD,USA,TECHNOLOGY,"SPECIAL INDUSTRY MACHINERY, NEC","4650 CUSHING BLVD, FREMONT, CA, US",https://www.lamresearch.com,June,2024-09-30,100117348000,4920197000.0,25.18,1.5,6.56,0.83,0.0118,3.09,11.93,0.26,0.303,0.15,0.491,15591300000,7871807000,3.09,0.284,0.197,92.98,4,16,12,0,0,25.18,21.14,6.42,11.82,6.35,19.13,1.486,112.31,68.66,75.9,87.71,1286690000,2025-01-08,2024-12-11
JNJ,Common Stock,Johnson & Johnson,"Johnson & Johnson (J&J) is an American multinational corporation founded in 1886 that develops medical devices, pharmaceuticals, and consumer packaged goods. Its common stock is a component of the Dow Jones Industrial Average and the company is ranked No. 36 on the 2021 Fortune 500 list of the largest United States corporations by total revenue. Johnson & Johnson is one of the world's most valuable companies, and is one of only two U.S.-based companies that has a prime credit rating of AAA, higher than that of the United States government.",200406,NYSE,USD,USA,LIFE SCIENCES,PHARMACEUTICAL PREPARATIONS,"ONE JOHNSON & JOHNSON PLZ, NEW BRUNSWICK, NJ, US",https://www.jnj.com,December,2024-09-30,366825013000,30052000000.0,25.18,0.907,29.14,4.86,0.032,6.05,36.43,0.167,0.245,0.084,0.209,87695999000,63954000000,6.05,-0.891,0.052,174.89,3,8,13,0,0,25.18,14.24,4.183,5.23,4.359,14.89,0.518,167.51,139.79,159.13,155.8,2407620000,2024-12-10,2024-11-26
APP,Common Stock,Applovin Corp,"AppLovin Corporation is committed to creating a software-based platform for mobile application developers to improve the marketing and monetization of their applications globally. The company is headquartered in Palo Alto, California.",1751008,NASDAQ,USD,USA,TECHNOLOGY,"SERVICES-COMPUTER PROGRAMMING, DATA PROCESSING, ETC.","1100 PAGE MILL RD, PALO ALTO, CA, US",https://www.applovin.com,December,2024-09-30,108889539000,1975994000.0,98.92,2.232,2.797,,,3.28,12.76,0.269,0.446,0.184,1.133,4289730000,1613993000,3.28,3.127,0.386,322.06,3,16,6,0,0,98.92,44.64,25.38,116.06,26.07,56.61,1.862,417.63,37.4,242.21,122.76,298668000,,
CRM,Common Stock,Salesforce.com Inc,"Salesforce.com, Inc. is an American cloud-based software company headquartered in San Francisco, California. It provides customer relationship management (CRM) service and also provides a complementary suite of enterprise applications focused on customer service, marketing automation, analytics, and application development.",1108524,NYSE,USD,USA,TECHNOLOGY,SERVICES-PREPACKAGED SOFTWARE,"THE LANDMARK, ONE MARKET STREET STE.300, SAN FRANCISCO, CA, US",https://www.salesforce.com,January,2024-07-31,316847063000,9345000000.0,57.84,2.282,60.16,0.8,0.0048,5.73,37.63,0.154,0.202,0.0471,0.0973,36465000000,22992000000,5.73,0.148,0.084,351.05,15,25,11,0,1,57.84,29.67,8.69,5.5,8.65,29.91,1.288,348.86,211.34,302.13,277.36,956000000,2024-10-08,2024-09-18
PGR,Common Stock,Progressive Corp,"The Progressive Corporation is an American insurance company, one of the largest providers of car insurance in the United States. The company insures motorcycles, boats, RVs, and commercial vehicles and provides home insurance through select companies.",80661,NYSE,USD,USA,FINANCE,"FIRE, MARINE & CASUALTY INSURANCE","6300 WILSON MILLS RD, MAYFIELD VILLAGE, OH, US",https://www.progressive.com,December,2024-09-30,144853729000,10823200000.0,17.97,0.986,46.36,1.15,0.0016,13.76,122.93,0.113,0.153,0.069,0.364,71959396000,1687100000,13.76,1.101,0.267,276.0,7,6,6,1,0,17.97,18.94,2.013,5.35,2.112,21.85,0.366,270.62,148.19,254.28,226.53,585812000,2024-10-11,2024-10-03
C,Common Stock,Citigroup Inc,"Citigroup Inc. is an American multinational investment bank and financial services corporation headquartered in New York City. The company was formed by the merger of banking giant Citicorp and financial conglomerate Travelers Group in 1998; Travelers was subsequently spun off from the company in 2002. Citigroup owns Citicorp, the holding company for Citibank, as well as several international subsidiaries. Citigroup is incorporated in Delaware.",831001,NYSE,USD,USA,FINANCE,NATIONAL COMMERCIAL BANKS,"388 GREENWICH STREET, NEW YORK, NY, US",https://www.citigroup.com,December,2024-09-30,136095638000,,20.35,0.783,101.91,2.15,0.0305,3.49,36.34,0.115,0.246,0.0034,0.0387,69307998000,70560000000,3.49,-0.074,-0.024,80.25,5,8,7,0,0,20.35,9.63,1.964,0.697,6.11,-,1.426,73.38,47.41,66.93,62.72,1891260000,2024-11-22,2024-11-04
T,Common Stock,AT&T Inc,"AT&T Inc. is an American multinational conglomerate holding company, Delaware-registered but headquartered at Whitacre Tower in Downtown Dallas, Texas. It is the world largest telecommunications company, and the second largest provider of mobile telephone services.",732717,NYSE,USD,USA,TECHNOLOGY,TELEPHONE COMMUNICATIONS (NO RADIOTELEPHONE),"208 S. AKARD ST, ATTN : JAMES LACY, DALLAS, TX, US",https://www.att.com,December,2024-09-30,171345920000,42773000000.0,19.41,6.67,14.27,1.11,0.0465,1.23,16.96,0.0742,0.236,0.0403,0.0876,122059997000,69893000000,1.23,-0.197,-0.005,25.12,5,10,10,2,0,19.41,10.54,1.404,1.674,2.582,7.66,0.73,24.03,15.16,22.33,19.35,7175290000,2024-11-01,2024-10-10
BLK,Common Stock,BlackRock Inc,"BlackRock, Inc. is an American multinational investment management corporation based in New York City.",2012383,NYSE,USD,USA,FINANCE,"SECURITY BROKERS, DEALERS & FLOTATION COMPANIES","50 HUDSON YARDS, NEW YORK, NY, UNITED STATES",https://www.blackrock.com,December,2024-09-30,163717939000,7674000000.0,26.11,1.818,278.32,5.0,0.0193,40.49,130.41,0.314,0.399,0.036,0.15,19360999000,8787000000,40.49,0.023,0.149,1118.59,5,9,4,0,0,26.11,21.64,8.46,3.936,8.28,17.78,1.311,1064.85,732.68,1004.84,867.61,154879000,2024-12-23,2024-12-05
AMGN,Common Stock,Amgen Inc,"Amgen Inc. (formerly Applied Molecular Genetics Inc.) is an American multinational biopharmaceutical company headquartered in Thousand Oaks, California. Focused on molecular biology and biochemistry, its goal is to provide a healthcare business based on recombinant DNA technology.",318154,NASDAQ,USD,USA,LIFE SCIENCES,"BIOLOGICAL PRODUCTS, (NO DISGNOSTIC SUBSTANCES)","ONE AMGEN CENTER DRIVE, THOUSAND OAKS, CA, US",https://www.amgen.com,December,2024-09-30,149235352000,12247000000.0,35.22,1.992,14.0,8.88,0.0326,7.83,60.64,0.13,0.242,0.046,0.557,32534000000,19917000000,7.83,0.621,0.232,328.13,4,10,16,2,0,35.22,13.44,4.587,19.83,6.17,14.88,0.599,341.72,255.01,306.53,305.47,537533000,2024-12-09,2024-11-18
PFE,Common Stock,Pfizer Inc,"Pfizer Inc. is an American multinational pharmaceutical and biotechnology corporation headquartered on 42nd Street in Manhattan, New York City. The name of the company commemorates its co-founder, Charles Pfizer (1824-1906). Pfizer develops and produces medicines and vaccines for immunology, oncology, cardiology, endocrinology, and neurology. The company has several blockbuster drugs or products that each generate more than 1 billion USD in annual revenues.",78003,NYSE,USD,USA,LIFE SCIENCES,PHARMACEUTICAL PREPARATIONS,"235 E 42ND ST, NEW YORK, NY, US",https://www.pfizer.com,December,2024-09-30,142978154000,18365999000.0,33.64,0.178,16.29,1.67,0.0666,0.75,10.49,0.0716,0.33,0.0331,0.0454,59375002000,66233000000,0.75,-0.982,0.312,32.12,3,8,13,1,0,33.64,8.47,2.408,1.549,3.362,14.43,0.615,31.06,24.11,27.41,28.01,5666990000,2024-12-02,2024-11-08
ADP,Common Stock,Automatic Data Processing Inc,"Automatic Data Processing, Inc. (ADP) is an American provider of human resources management software and services.",8670,NASDAQ,USD,USA,TECHNOLOGY,SERVICES-COMPUTER PROCESSING & DATA PREPARATION,"ONE ADP BOULVARD, ROSELAND, NJ, US",https://www.adp.com,June,2024-09-30,120916943000,5733100000.0,31.74,2.688,13.12,5.6,0.0208,9.35,47.66,0.197,0.265,0.0654,0.873,19522900000,8510000000,9.35,0.125,0.071,296.88,2,2,14,0,1,31.74,29.59,6.19,22.61,6.66,20.55,0.795,308.03,222.24,296.59,263.94,407457000,2025-01-01,2024-12-13
GOOG,Common Stock,Alphabet Inc Class C,"Alphabet Inc. is an American multinational conglomerate headquartered in Mountain View, California. It was created through a restructuring of Google on October 2, 2015, and became the parent company of Google and several former Google subsidiaries. The two co-founders of Google remained as controlling shareholders, board members, and employees at Alphabet. Alphabet is the world's fourth-largest technology company by revenue and one of the world's most valuable companies.",1652044,NASDAQ,USD,USA,TECHNOLOGY,"SERVICES-COMPUTER PROGRAMMING, DATA PROCESSING, ETC.","1600 AMPHITHEATRE PARKWAY, MOUNTAIN VIEW, CA, US",https://abc.xyz,December,2024-09-30,2076329509000,123469996000.0,22.64,1.069,25.61,0.4,0.0047,7.53,27.44,0.277,0.323,0.165,0.321,339859014000,156633000000,7.53,0.366,0.151,204.93,14,36,10,0,0,22.64,19.23,6.11,6.66,5.93,15.9,1.034,193.06,129.08,169.71,165.78,5534000000,2024-12-16,2024-12-09
AVGO,Common Stock,Broadcom Inc,"Broadcom Inc. is an American designer, developer, manufacturer and global supplier of a wide range of semiconductor and infrastructure software products. Broadcom's product offerings serve the data center, networking, software, broadband, wireless, and storage and industrial markets.",1730168,NASDAQ,USD,USA,MANUFACTURING,SEMICONDUCTORS & RELATED DEVICES,"1320 RIDDER PARK DRIVE, SAN JOSE, CA, US",https://www.broadcom.com,October,2024-07-31,757007647000,22958000000.0,131.77,1.138,59.22,2.105,0.0131,1.23,10.43,0.109,0.318,0.077,0.125,46814999000,24947000000,1.23,1.881,0.164,193.49,8,28,5,0,0,131.77,26.25,16.17,11.53,17.45,37.32,1.187,186.42,88.94,173.62,152.31,4670580000,2024-09-30,2024-09-19
QCOM,Common Stock,Qualcomm Incorporated,"Qualcomm is an American multinational corporation headquartered in San Diego, California, and incorporated in Delaware. It creates semiconductors, software, and services related to wireless technology. It owns patents critical to the 5G, 4G, CDMA2000, TD-SCDMA and WCDMA mobile communications standards.",804328,NASDAQ,USD,USA,MANUFACTURING,RADIO & TV BROADCASTING & COMMUNICATIONS EQUIPMENT,"5775 MOREHOUSE DR, SAN DIEGO, CA, US",https://www.qualcomm.com,September,2024-09-30,177215619000,11959000000.0,17.86,1.575,23.61,3.3,0.0213,8.93,34.91,0.26,0.263,0.121,0.422,38962000000,25565000000,8.93,0.941,0.187,206.53,7,14,16,1,0,17.86,14.03,4.548,6.74,4.583,14.02,1.286,228.25,131.48,166.21,176.61,1111000000,2024-12-19,2024-12-05
UNH,Common Stock,UnitedHealth Group Incorporated,"UnitedHealth Group Incorporated is an American for-profit multinational managed healthcare and insurance company based in Minnetonka, Minnesota. It offers health care products and insurance services. In 2020, it was the second-largest healthcare company (behind CVS Health) by revenue with $257.1 billion, and the largest insurance company by net premiums. UnitedHealthcare revenues comprise 80% of the Group's overall revenue.",731766,NYSE,USD,USA,FINANCE,HOSPITAL & MEDICAL SERVICE PLANS,"UNITEDHEALTH GROUP CENTER, 9900 BREN ROAD EAST, MINNEAPOLIS, MN, US",https://www.unitedhealthgroup.com,December,2024-09-30,561557340000,35035001000.0,39.67,1.656,102.42,7.96,0.0138,15.38,427.22,0.0364,0.0864,0.0692,0.152,393898000000,79617000000,15.38,0.043,0.092,628.08,5,19,4,0,0,39.67,20.45,1.426,5.94,1.548,21.59,0.591,630.73,433.0,584.72,535.91,920284000,2024-12-17,2024-12-09
MS,Common Stock,Morgan Stanley,"Morgan Stanley is an American multinational investment bank and financial services company headquartered at 1585 Broadway in the Morgan Stanley Building, Midtown Manhattan, New York City.",895421,NYSE,USD,USA,FINANCE,"SECURITY BROKERS, DEALERS & FLOTATION COMPANIES","1585 BROADWAY, NEW YORK, NY, US",https://www.morganstanley.com,December,2024-09-30,209370776000,,19.75,3.773,58.25,3.55,0.0285,6.58,36.49,0.192,0.332,0.0094,0.111,58282000000,46437000000,6.58,0.362,0.165,126.67,1,4,16,0,1,19.75,16.61,3.592,2.236,4.876,-,1.336,136.24,79.08,120.95,102.4,1611040000,2024-11-15,2024-10-31
TSLA,Common Stock,Tesla Inc,"Tesla, Inc. is an American electric vehicle and clean energy company based in Palo Alto, California. Tesla's current products include electric cars, battery energy storage from home to grid-scale, solar panels and solar roof tiles, as well as other related products and services. In 2020, Tesla had the highest sales in the plug-in and battery electric passenger car segments, capturing 16% of the plug-in market (which includes plug-in hybrids) and 23% of the battery-electric (purely electric) market. Through its subsidiary Tesla Energy, the company develops and is a major installer of solar photovoltaic energy generation systems in the United States. Tesla Energy is also one of the largest global suppliers of battery energy storage systems, with 3 GWh of battery storage supplied in 2020.",1318605,NASDAQ,USD,USA,MANUFACTURING,MOTOR VEHICLES & PASSENGER CAR BODIES,"3500 DEER CREEK RD, PALO ALTO, CA, US",https://www.tesla.com,December,2024-09-30,1107984384000,13244000000.0,94.31,9.57,21.81,,,3.66,30.46,0.131,0.108,0.0476,0.204,97150001000,20853000000,3.66,0.17,0.078,233.16,6,12,19,7,4,94.31,100.0,11.4,15.84,11.19,78.58,2.295,361.93,138.8,270.62,214.05,3210060000,,
JPM,Common Stock,JPMorgan Chase & Co,"JPMorgan Chase & Co. is an American multinational investment bank and financial services holding company headquartered in New York City. JPMorgan Chase is incorporated in Delaware. As a Bulge Bracket bank, it is a major provider of various investment banking and financial services. It is one of America's Big Four banks, along with Bank of America, Citigroup, and Wells Fargo. JPMorgan Chase is considered to be a universal bank and a custodian bank. The J.P. Morgan brand is used by the investment banking, asset management, private banking, private wealth management, and treasury services divisions.",19617,NYSE,USD,USA,FINANCE,NATIONAL COMMERCIAL BANKS,"383 MADISON AVENUE, NEW YORK, NY, US",https://www.jpmorganchase.com,December,2024-09-30,703244009000,,13.89,4.97,115.15,4.6,0.02,17.98,56.04,0.332,0.438,0.0133,0.162,162148008000,122306000000,17.98,0.009,0.03,239.06,7,7,7,0,1,13.89,14.9,4.337,2.169,5.39,-,1.091,254.31,152.36,226.4,206.54,2815340000,2024-10-31,2024-10-04
ABT,Common Stock,Abbott Laboratories,"Abbott Laboratories is an American multinational medical devices and health care company with headquarters in Abbott Park, Illinois, United States. The company was founded by Chicago physician Wallace Calvin Abbott in 1888 to formulate known drugs; today, it sells medical devices, diagnostics, branded generic medicines and nutritional products. It split off its research-based pharmaceuticals business into AbbVie in 2013.",1800,NYSE,USD,USA,LIFE SCIENCES,PHARMACEUTICAL PREPARATIONS,"100 ABBOTT PARK ROAD, ABBOTT PARK, IL, US",https://www.abbott.com,December,2024-09-30,200503575000,10825000000.0,35.14,2.245,22.94,2.2,0.019,3.29,23.68,0.14,0.188,0.0649,0.148,41216999000,24579000000,3.29,0.146,0.049,129.87,8,13,5,0,1,35.14,22.42,4.865,5.04,5.04,19.62,0.722,121.0,99.24,116.02,110.96,1734460000,2024-11-15,2024-10-15
DHR,Common Stock,Danaher Corporation,"Danaher Corporation is an American globally diversified conglomerate with its headquarters in Washington, D.C.. The company designs, manufactures, and markets professional, medical, industrial, and commercial products and services. The company's 3 platforms are Life Sciences, Diagnostics, and Environmental & Applied Solutions.",313616,NYSE,USD,USA,LIFE SCIENCES,"INDUSTRIAL INSTRUMENTS FOR MEASUREMENT, DISPLAY, AND CONTROL","2200 PENNSYLVANIA AVE. N.W., SUITE 800W, WASHINGTON, DC, US",https://www.danaher.com,December,2024-09-30,166209929000,7511000000.0,43.5,3.073,71.03,1.05,0.0047,5.29,32.29,0.164,0.203,0.0386,0.0759,23741999000,18949000000,5.29,-0.26,0.031,290.13,5,16,5,0,0,43.5,27.03,7.0,3.24,7.63,25.22,0.881,281.43,217.57,251.5,255.98,722275000,2024-10-25,2024-09-27
COP,Common Stock,ConocoPhillips,"ConocoPhillips is an American multinational corporation engaged in hydrocarbon exploration. It is based in the Energy Corridor district of Houston, Texas.",1163165,NYSE,USD,USA,ENERGY & TRANSPORTATION,PETROLEUM REFINING,"925 N. ELDRIDGE PARKWAY, HOUSTON, TX, US",https://www.conocophillips.com,December,2024-09-30,132333167000,24445999000.0,11.98,8.24,43.34,3.52,0.0309,8.43,48.5,0.175,0.243,0.1,0.204,56924000000,39598000000,8.43,-0.241,-0.079,133.82,8,12,6,0,0,11.98,10.98,2.325,2.617,2.571,5.61,1.22,132.44,100.58,108.14,114.0,1293560000,2024-12-02,2024-11-08
VZ,Common Stock,Verizon Communications Inc,"Verizon Communications Inc. is an American multinational telecommunications conglomerate and a corporate component of the Dow Jones Industrial Average. The company is headquartered at 1095 Avenue of the Americas in Midtown Manhattan, New York City, but is incorporated in Delaware.",732712,NYSE,USD,USA,TECHNOLOGY,TELEPHONE COMMUNICATIONS (NO RADIOTELEPHONE),"1095 AVENUE OF THE AMERICAS, NEW YORK, NY, US",https://www.verizon.com,December,2024-09-30,178362024000,48428999000.0,18.34,1.123,22.88,2.673,0.064,2.31,31.83,0.073,0.239,0.0498,0.104,134237004000,77702000000,2.31,-0.31,0.0,47.34,6,6,13,0,0,18.34,8.93,1.329,1.852,2.589,8.89,0.418,44.73,34.18,42.75,41.32,4209630000,2024-11-01,2025-01-10
MMC,Common Stock,Marsh & McLennan Companies Inc,"Marsh McLennan (formerly known as Marsh & McLennan Companies) is a global professional services firm, headquartered in New York City with businesses in insurance brokerage, risk management, reinsurance services, talent management, investment advisory, and management consulting. Its four main operating companies are Marsh, Guy Carpenter, Mercer, and Oliver Wyman.",62709,NYSE,USD,USA,FINANCE,"INSURANCE AGENTS, BROKERS & SERVICE","1166 AVENUE OF THE AMERICAS, NEW YORK, NY, US",https://www.mmc.com,December,2024-09-30,105625608000,7246000000.0,26.52,2.276,27.88,3.05,0.0152,8.11,48.62,0.168,0.21,0.0832,0.321,23945001000,8884000000,8.11,0.027,0.059,231.78,2,3,12,0,3,26.52,22.32,4.411,7.72,4.953,17.26,0.937,235.5,181.63,223.88,215.56,491122000,2024-11-15,2024-10-04
ANET,Common Stock,Arista Networks,"Arista Networks (formerly Arastra) is an American computer networking company headquartered in Santa Clara, California. The company designs and sells multilayer network switches to deliver software-defined networking (SDN) solutions for large datacenter, cloud computing, high-performance computing, and high-frequency trading environments.",1596532,NYSE,USD,USA,TECHNOLOGY,COMPUTER COMMUNICATIONS EQUIPMENT,"5453 GREAT AMERICA PARKWAY, SANTA CLARA, CA, US",https://www.arista.com,December,2024-09-30,141559235000,2833342000.0,54.02,2.61,29.37,,,2.08,21.11,0.403,0.434,0.159,0.338,6613147000,2675696000,2.08,0.355,0.2,107.59,7,12,4,1,1,54.02,45.66,21.41,15.31,20.74,48.19,1.077,112.77,56.65,100.78,85.0,1259760000,,
META,Common Stock,Meta Platforms Inc.,"Meta Platforms, Inc. develops products that enable people to connect and share with friends and family through mobile devices, PCs, virtual reality headsets, wearables and home devices around the world. The company is headquartered in Menlo Park, California.",1326801,NASDAQ,USD,USA,TECHNOLOGY,"SERVICES-COMPUTER PROGRAMMING, DATA PROCESSING, ETC.","1601 WILLOW ROAD, MENLO PARK, CA, US",https://investor.fb.com,December,2024-09-30,1449865118000,79208997000.0,27.13,0.923,65.19,1.5,0.0035,21.17,61.43,0.355,0.428,0.172,0.361,156226994000,92855000000,21.17,0.374,0.189,649.01,12,46,8,0,2,27.13,22.68,9.28,8.81,9.14,18.14,1.215,602.95,312.72,574.75,515.03,2180000000,2024-09-26,2024-09-16
NKE,Common Stock,Nike Inc,"Nike, Inc. is an American multinational corporation that is engaged in the design, development, manufacturing, and worldwide marketing and sales of footwear, apparel, equipment, accessories, and services. The company is headquartered near Beaverton, Oregon, in the Portland metropolitan area. It is the world's largest supplier of athletic shoes and apparel and a major manufacturer of sports equipment.",320187,NYSE,USD,USA,MANUFACTURING,RUBBER & PLASTICS FOOTWEAR,"ONE BOWERMAN DR, BEAVERTON, OR, US",https://www.nike.com,May,2024-08-31,114986623000,7201000000.0,22.13,3.95,9.35,1.48,0.0207,3.49,33.12,0.106,0.104,0.106,0.38,50012000000,21479000000,3.49,-0.255,-0.104,90.45,5,15,17,1,1,22.13,28.41,2.299,8.25,2.336,17.29,1.035,121.3,70.07,78.59,85.12,1190600000,2025-01-02,2024-12-02
MU,Common Stock,Micron Technology Inc,"Micron Technology, Inc. is an American producer of computer memory and computer data storage including dynamic random-access memory, flash memory, and USB flash drives. It is headquartered in Boise, Idaho.",723125,NASDAQ,USD,USA,MANUFACTURING,SEMICONDUCTORS & RELATED DEVICES,"8000 S FEDERAL WAY, PO BOX 6, BOISE, ID, US",https://www.micron.com,August,2024-08-31,120984748000,8944000000.0,155.14,0.173,40.7,0.46,0.0042,0.7,22.73,0.031,0.197,0.0117,0.0174,25110999000,-1416000000,0.7,-0.432,0.933,145.92,9,27,2,0,1,155.14,12.22,4.818,2.681,5.05,13.24,1.179,157.22,78.92,103.78,110.78,1114040000,2024-10-23,2024-10-07
BSX,Common Stock,Boston Scientific Corp,"Boston Scientific Corporation, doing business as Boston Scientific, is a manufacturer of medical devices used in interventional medical specialties, including interventional radiology, interventional cardiology, peripheral interventions, neuromodulation, neurovascular intervention, electrophysiology, cardiac surgery, vascular surgery, endoscopy, oncology, urology and gynecology.",885725,NYSE,USD,USA,LIFE SCIENCES,SURGICAL & MEDICAL INSTRUMENTS & APPARATUS,"300 BOSTON SCIENTIFIC WAY, MARLBOROUGH, MA, US",https://www.bostonscientific.com,December,2024-09-30,133012267000,4063000000.0,74.47,1.634,14.05,,,1.21,10.83,0.113,0.171,0.049,0.0892,15911000000,8679000000,1.21,-0.063,0.193,98.28,8,20,5,0,0,74.47,32.15,8.36,6.41,8.9,37.99,0.797,91.93,54.95,87.73,78.13,1473830000,,
PLD,Common Stock,Prologis Inc,"Prologis, Inc. is a real estate investment trust headquartered in San Francisco, California that invests in logistics facilities, with a focus on the consumption side of the global supply chain.",1045609,NYSE,USD,USA,REAL ESTATE & CONSTRUCTION,REAL ESTATE INVESTMENT TRUSTS,"PIER 1 BAY 1, SAN FRANCISCO, CA, US",https://www.prologis.com,December,2024-09-30,100832674000,5739132000.0,32.89,0.494,57.23,3.75,0.0353,3.31,8.9,0.374,0.41,0.0211,0.0566,8239210000,4775470000,3.31,0.343,0.068,130.33,5,8,9,0,0,32.89,41.32,12.24,1.902,16.78,19.57,1.094,131.48,98.65,116.27,118.55,926175000,2024-12-31,2024-12-16
IBM,Common Stock,International Business Machines,"International Business Machines Corporation (IBM) is an American multinational technology company headquartered in Armonk, New York, with operations in over 170 countries. The company began in 1911, founded in Endicott, New York, as the Computing-Tabulating-Recording Company (CTR) and was renamed International Business Machines in 1924. IBM is incorporated in New York. IBM produces and sells computer hardware, middleware and software, and provides hosting and consulting services in areas ranging from mainframe computers to nanotechnology. IBM is also a major research organization, holding the record for most annual U.S. patents generated by a business (as of 2020) for 28 consecutive years. Inventions by IBM include the automated teller machine (ATM), the floppy disk, the hard disk drive, the magnetic stripe card, the relational database, the SQL programming language, the UPC barcode, and dynamic random-access memory (DRAM). The IBM mainframe, exemplified by the System/360, was the dominant computing platform during the 1960s and 1970s.",51143,NYSE,USD,USA,TECHNOLOGY,COMPUTER & OFFICE EQUIPMENT,"1 NEW ORCHARD ROAD, ARMONK, NY, US",https://www.ibm.com,December,2024-09-30,209820434000,14676000000.0,33.13,7.58,26.44,6.66,0.0294,6.85,68.11,0.102,0.141,0.0473,0.267,62579999000,32688000000,6.85,0.141,0.015,214.21,2,5,9,3,1,33.13,21.23,3.353,8.65,4.123,20.4,0.71,235.52,152.38,219.92,192.92,924645000,2024-12-10,2024-11-12
MA,Common Stock,Mastercard Inc,"Mastercard Incorporated is an American multinational financial services corporation headquartered in the Mastercard International Global Headquarters in Purchase, New York. The Global Operations Headquarters is located in O'Fallon, Missouri, a municipality of St. Charles County, Missouri. Throughout the world, its principal business is to process payments between the banks of merchants and the card-issuing banks or credit unions of the purchasers who use the Mastercard brand debit, credit and prepaid cards to make purchases. Mastercard Worldwide has been a publicly traded company since 2006.",1141391,NYSE,USD,USA,TRADE & SERVICES,"SERVICES-BUSINESS SERVICES, NEC","2000 PURCHASE STREET, PURCHASE, NY, US",https://www.mastercard.com,December,2024-09-30,488635105000,16784000000.0,40.31,2.036,8.09,2.64,0.005,13.22,29.28,0.453,0.593,0.229,1.776,27225999000,22237000000,13.22,0.041,0.128,559.24,10,21,8,0,0,40.31,32.68,17.95,65.75,18.22,30.69,1.101,535.77,401.99,509.61,473.61,910768000,2024-11-08,2024-10-09
WFC,Common Stock,Wells Fargo & Company,"Wells Fargo & Company is an American multinational financial services company with corporate headquarters in San Francisco, California, operational headquarters in Manhattan, and managerial offices throughout the United States and overseas.",72971,NYSE,USD,USA,FINANCE,NATIONAL COMMERCIAL BANKS,"420 MONTGOMERY STREET, SAN FRANCISCO, CA, US",https://www.wellsfargo.com,December,2024-09-30,246848373000,,15.41,3.456,49.22,1.45,0.0213,4.81,22.23,0.232,0.32,0.0095,0.0991,77875003000,72247000000,4.81,-0.041,-0.018,70.36,5,8,10,0,1,15.41,13.48,3.17,1.499,5.6,-,1.136,78.13,43.5,65.44,59.52,3329490000,2024-12-01,2024-11-08
NFLX,Common Stock,Netflix Inc,"Netflix, Inc. is an American over-the-top content platform and production company headquartered in Los Gatos, California. Netflix was founded in 1997 by Reed Hastings and Marc Randolph in Scotts Valley, California. The company's primary business is a subscription-based streaming service offering online streaming from a library of films and television series, including those produced in-house.",1065280,NASDAQ,USD,USA,TRADE & SERVICES,SERVICES-VIDEO TAPE RENTAL,"100 WINCHESTER CIRCLE, ., LOS GATOS, CA, US",https://www.netflix.com,December,2024-09-30,385639776000,9976899000.0,51.0,1.839,53.15,,,17.69,87.11,0.207,0.296,0.118,0.347,37587280000,12447265000,17.69,0.448,0.15,792.65,8,20,15,1,2,51.0,37.59,10.26,16.97,10.44,15.72,1.25,908.0,448.32,773.45,670.58,427458000,,
SPGI,Common Stock,S&P Global Inc,"S&P Global Inc. is an American publicly traded corporation headquartered in Manhattan, New York City. Its primary areas of business are financial information and analytics.",64040,NYSE,USD,USA,TRADE & SERVICES,"SERVICES-CONSUMER CREDIT REPORTING, COLLECTION AGENCIES","55 WATER STREET, NEW YORK, NY, US",https://www.spglobal.com,December,2024-09-30,160353731000,6645000000.0,45.65,1.523,109.55,3.63,0.007,11.32,43.95,0.258,0.404,0.0567,0.0993,13767999000,7415000000,11.32,0.335,0.159,578.31,7,13,1,0,1,45.65,30.49,11.65,4.717,12.39,27.02,1.183,532.36,405.38,509.29,468.93,310300000,2024-12-11,2024-11-26
DIS,Common Stock,Walt Disney Company,"The Walt Disney Company, commonly known as Disney, is an American diversified multinational mass media and entertainment conglomerate headquartered at the Walt Disney Studios complex in Burbank, California.",1744489,NYSE,USD,USA,TRADE & SERVICES,SERVICES-MISCELLANEOUS AMUSEMENT & RECREATION,"500 SOUTH BUENA VISTA STREET, BURBANK, CA, US",https://www.thewaltdisneycompany.com,September,2024-09-30,211391037000,16751000000.0,42.92,1.027,55.41,0.0,0.0082,2.72,49.21,0.053,0.149,0.0362,0.0546,90027999000,29697000000,2.72,0.486,0.037,122.13,7,14,10,1,0,42.92,21.69,2.348,2.099,2.782,17.37,1.398,123.17,83.91,101.83,102.1,1810940000,2024-07-25,2024-07-08
PANW,Common Stock,Palo Alto Networks Inc,"Palo Alto Networks, Inc. provides cybersecurity platform solutions globally. The company is headquartered in Santa Clara, California.",1327567,NASDAQ,USD,USA,TECHNOLOGY,"COMPUTER PERIPHERAL EQUIPMENT, NEC","4401 GREAT AMERICA PARKWAY, SANTA CLARA, CA, US",https://www.paloaltonetworks.com,July,2024-10-31,128982671000,1094400000.0,50.92,2.88,15.9,,,7.72,25.15,0.321,0.12,0.0322,0.745,8027500000,3782800000,7.72,0.591,0.121,410.59,12,29,11,2,0,50.92,62.5,16.07,22.21,15.56,93.38,1.118,410.23,260.09,379.03,330.2,328100000,,
BX,Common Stock,Blackstone Group Inc,"Blackstone Group Inc. is an alternative asset management company specializing in real estate, private equity, hedge fund solutions, credit, secondary funds of funds, public debt and equity strategies and multiple asset classes. The company is headquartered in New York, New York with additional offices across Asia, Europe and North America.",1393818,NYSE,USD,USA,FINANCE,INVESTMENT ADVICE,"345 PARK AVENUE, NEW YORK, NY, US",https://www.blackstone.com,December,2024-09-30,228530848000,,64.97,2.335,9.13,3.45,0.0183,2.9,14.51,0.2,0.511,0.1,0.22,11138276000,7053217000,2.9,0.396,0.541,176.7,1,7,15,0,1,64.97,32.47,20.52,20.41,16.6,-,1.486,200.96,112.01,174.65,141.64,722003000,2024-11-04,2024-10-28
SHW,Common Stock,Sherwin-Williams Co,"Sherwin Williams Company is a Cleveland, Ohio based company in the paint and coating manufacturing industry. The company primarily engages in the manufacture, distribution, and sale of paints, coatings, floorcoverings, and related products to professional, industrial, commercial, and retail customers primarily in North and South America and Europe.",89800,NYSE,USD,USA,TRADE & SERVICES,"RETAIL-BUILDING MATERIALS, HARDWARE, GARDEN SUPPLY","101 PROSPECT AVE NW, CLEVELAND, OH, US",https://www.sherwin-williams.com,December,2024-09-30,91369751000,4399800000.0,36.13,3.374,16.59,2.75,0.0078,10.04,91.47,0.111,0.184,0.101,0.644,23053500000,9325100000,10.04,0.078,0.007,386.49,5,10,12,1,1,36.13,28.33,3.963,21.98,4.478,23.79,1.175,400.42,281.01,378.51,343.59,251853000,2024-12-06,2024-11-15
CMCSA,Common Stock,Comcast Corp,"Comcast Corporation is an American telecommunications conglomerate headquartered in Philadelphia, Pennsylvania. It is the second-largest broadcasting and cable television company in the world by revenue (behind AT&T), the largest pay-TV company, the largest cable TV company and largest home Internet service provider in the United States, and the nation's third-largest home telephone service provider. Comcast provides services to U.S. residential and commercial customers in 40 states and in the District of Columbia. As the parent company of the international media company NBCUniversal since 2011, Comcast is a producer of feature films and television programs intended for theatrical exhibition and over-the-air and cable television broadcast, respectively.",1166691,NASDAQ,USD,USA,TECHNOLOGY,CABLE & OTHER PAY TELEVISION SERVICES,"ONE COMCAST CENTER, PHILADELPHIA, PA, US",https://corporate.comcast.com,December,2024-09-30,165115216000,37285999000.0,11.63,1.337,22.37,1.22,0.0287,3.71,31.29,0.119,0.183,0.0537,0.169,123069997000,83214000000,3.71,-0.041,0.065,48.25,6,11,12,0,1,11.63,9.77,1.342,1.925,2.094,6.83,1.004,46.04,35.87,42.46,40.49,3817100000,2025-01-29,2025-01-08
MSFT,Common Stock,Microsoft Corporation,"Microsoft Corporation is an American multinational technology company which produces computer software, consumer electronics, personal computers, and related services. Its best known software products are the Microsoft Windows line of operating systems, the Microsoft Office suite, and the Internet Explorer and Edge web browsers. Its flagship hardware products are the Xbox video game consoles and the Microsoft Surface lineup of touchscreen personal computers. Microsoft ranked No. 21 in the 2020 Fortune 500 rankings of the largest United States corporations by total revenue; it was the world's largest software maker by revenue as of 2016. It is considered one of the Big Five companies in the U.S. information technology industry, along with Google, Apple, Amazon, and Facebook.",789019,NASDAQ,USD,USA,TECHNOLOGY,SERVICES-PREPACKAGED SOFTWARE,"ONE MICROSOFT WAY, REDMOND, WA, US",https://www.microsoft.com,June,2024-09-30,3148374344000,136551997000.0,35.0,2.241,38.69,3.08,0.0078,12.1,34.2,0.356,0.466,0.146,0.356,254189994000,165359000000,12.1,0.104,0.16,504.9,13,37,5,0,0,35.0,32.15,12.39,10.93,12.31,22.42,0.904,466.57,360.21,421.36,421.96,7434880000,2024-12-12,2024-11-21
AMD,Common Stock,Advanced Micro Devices Inc,"Advanced Micro Devices, Inc. (AMD) is an American multinational semiconductor company based in Santa Clara, California, that develops computer processors and related technologies for business and consumer markets. AMD's main products include microprocessors, motherboard chipsets, embedded processors and graphics processors for servers, workstations, personal computers and embedded system applications.",2488,NASDAQ,USD,USA,MANUFACTURING,SEMICONDUCTORS & RELATED DEVICES,"2485 AUGUSTINE DRIVE, SANTA CLARA, CA, US",https://www.amd.com,December,2024-09-30,233668411000,4479000000.0,125.21,0.367,35.11,,,1.15,15.01,0.0752,0.106,0.0125,0.0326,24295000000,12051000000,1.15,1.611,0.176,184.91,7,30,11,0,0,125.21,28.49,9.62,4.043,9.39,47.73,1.706,227.3,121.83,151.99,159.48,1622810000,,1995-04-27
AMAT,Common Stock,Applied Materials Inc,"Applied Materials, Inc. is an American corporation that supplies equipment, services and software for the manufacture of semiconductor (integrated circuit) chips for electronics, flat panel displays for computers, smartphones and televisions, and solar products. The company also supplies equipment to produce coatings for flexible electronics, packaging and other applications. The company is headquartered in Santa Clara, California, in Silicon Valley.",6951,NASDAQ,USD,USA,MANUFACTURING,SEMICONDUCTORS & RELATED DEVICES,"3050 BOWERS AVE, SANTA CLARA, CA, US",https://www.appliedmaterials.com,October,2024-10-31,141080248000,8204000000.0,19.88,1.667,22.85,0.0,0.0086,8.61,32.34,0.277,0.286,0.152,0.439,26854001000,11993000000,8.61,0.108,0.055,216.44,5,18,13,0,0,19.88,17.33,5.25,7.3,4.983,15.41,1.551,254.8,146.9,185.25,203.19,824404000,2024-12-12,2024-11-21
RTX,Common Stock,Raytheon Technologies Corp,"Raytheon Technologies Corporation is an American multinational aerospace and defense conglomerate headquartered in Waltham, Massachusetts. It is one of the largest aerospace, intelligence services providers, and defense manufacturers in the world by revenue and market capitalization. Raytheon Technologies (RTX) researches, develops, and manufactures advanced technology products in the aerospace and defense industry, including aircraft engines, avionics, aerostructures, cybersecurity, guided missiles, air defense systems, satellites, and drones.",101829,NYSE,USD,USA,MANUFACTURING,AIRCRAFT ENGINES & ENGINE PARTS,"10 FARM SPRINGS ROAD, FARMINGTON, CT, US",https://www.rtx.com,December,2024-09-30,156541272000,12571000000.0,33.89,0.871,45.91,2.44,0.0214,3.47,59.31,0.0597,0.12,0.0317,0.0735,79042003000,13668000000,3.47,-0.911,0.492,134.82,2,6,16,0,0,33.89,19.42,1.98,2.539,2.432,15.74,0.54,128.02,77.84,122.09,110.07,1331020000,2024-12-12,2024-11-15
UBER,Common Stock,Uber Technologies Inc,"Uber Technologies, Inc., commonly known as Uber, is an American technology company. Its services include ride-hailing, food delivery (Uber Eats), package delivery, couriers, freight transportation, and, through a partnership with Lime, electric bicycle and motorized scooter rental. The company is based in San Francisco, California.",1543151,NYSE,USD,USA,TRADE & SERVICES,"SERVICES-BUSINESS SERVICES, NEC","1455 MARKET ST., 4TH FLOOR, SAN FRANCISCO, CA, US",https://www.uber.com,December,2024-09-30,136786919000,3445000000.0,32.0,0.926,7.02,,,2.03,20.14,0.105,0.0948,0.0403,0.343,41955000000,9805000000,2.03,11.21,0.204,90.05,14,33,7,0,0,32,25.71,3.26,9.37,3.385,22.3,1.337,87.0,54.84,74.54,72.1,2105710000,,
BA,Common Stock,The Boeing Company,"The Boeing Company is an American multinational corporation that designs, manufactures, and sells airplanes, rotorcraft, rockets, satellites, telecommunications equipment, and missiles worldwide. The company also provides leasing and product support services.",12927,NYSE,USD,USA,MANUFACTURING,AIRCRAFT,"P O BOX 3707 MS 1F 31, SEATTLE, WA, US",https://www.boeing.com,December,2024-09-30,126928052000,-3991000064.0,,6.53,-38.12,,,-12.94,119.34,-0.109,-0.314,-0.0267,0.0,73292997000,5768000000,-12.94,-0.68,-0.015,182.21,4,12,10,2,0,-,322.58,1.732,-,2.376,111.56,1.572,267.54,137.03,152.82,170.59,748176000,2020-03-06,2020-02-13
AXP,Common Stock,American Express Company,The American Express Company is a multinational financial services corporation headquartered at 200 Vesey Street in the Battery Park City neighborhood of Lower Manhattan in New York City.,4962,NYSE,USD,USA,FINANCE,FINANCE SERVICES,"200 VESEY STREET, 50TH FLOOR, NEW YORK, NY, US",https://www.americanexpress.com,December,2024-09-30,214144221000,,22.37,1.905,42.2,2.7,0.0092,13.59,82.53,0.167,0.209,0.0379,0.347,59238998000,28776000000,13.59,0.058,0.08,280.91,4,6,14,3,1,22.37,19.8,3.615,7.13,4.14,-,1.214,307.82,165.78,282.09,247.89,704445000,2024-11-08,2024-10-04
XOM,Common Stock,Exxon Mobil Corp,"Exxon Mobil Corporation, stylized as ExxonMobil, is an American multinational oil and gas corporation headquartered in Irving, Texas. It is the largest direct descendant of John D. Rockefeller's Standard Oil, and was formed on November 30, 1999 by the merger of Exxon (formerly the Standard Oil Company of New Jersey) and Mobil (formerly the Standard Oil Company of New York). ExxonMobil's primary brands are Exxon, Mobil, Esso, and ExxonMobil Chemical. ExxonMobil is incorporated in New Jersey.",34088,NYSE,USD,USA,ENERGY & TRANSPORTATION,PETROLEUM REFINING,"5959 LAS COLINAS BLVD, IRVING, TX, US",https://corporate.exxonmobil.com,December,2024-09-30,518444810000,71538000000.0,14.69,5.98,61.11,3.8,0.0336,8.03,81.88,0.098,0.133,0.0708,0.145,343818011000,133715000000,8.03,-0.147,-0.015,131.71,7,8,12,0,1,14.69,13.23,1.508,1.93,1.571,7.1,0.88,125.31,92.61,119.7,115.78,4395090000,2024-12-10,2024-11-14
NVDA,Common Stock,NVIDIA Corporation,"Nvidia Corporation is an American multinational technology company incorporated in Delaware and based in Santa Clara, California. It designs graphics processing units (GPUs) for the gaming and professional markets, as well as system on a chip units (SoCs) for the mobile computing and automotive market.",1045810,NASDAQ,USD,USA,MANUFACTURING,SEMICONDUCTORS & RELATED DEVICES,"2701 SAN TOMAS EXPRESSWAY, SANTA CLARA, CA, US",https://www.nvidia.com,January,2024-10-31,3314476646000,61184000000.0,53.49,0.843,1.744,0.0,0.0003,2.53,3.91,0.55,0.621,0.553,1.238,96307003000,44301000000,2.53,1.68,1.224,170.44,11,48,4,0,0,53.49,31.75,34.42,50.3,29.01,43.89,1.657,152.89,45.0,135.26,111.74,24490000000,2024-12-27,2024-09-12
CVX,Common Stock,Chevron Corp,"Chevron Corporation is an American multinational energy corporation. One of the successor companies of Standard Oil, it is headquartered in San Ramon, California, and active in more than 180 countries. Chevron is engaged in every aspect of the oil and natural gas industries, including hydrocarbon exploration and production; refining, marketing and transport; chemicals manufacturing and sales; and power generation.",93410,NYSE,USD,USA,ENERGY & TRANSPORTATION,PETROLEUM REFINING,"6001 BOLLINGER CANYON ROAD, SAN RAMON, CA, US",https://www.chevron.com,December,2024-09-30,288690405000,38942999000.0,17.79,3.42,86.92,6.4,0.0402,9.1,104.59,0.087,0.109,0.0537,0.103,191688999000,98886000000,9.1,-0.287,-0.064,173.41,10,8,7,0,0,17.79,13.37,1.506,1.848,1.597,7.45,1.078,164.68,133.85,153.36,154.11,1782920000,2024-12-10,2024-11-18
SCHW,Common Stock,Charles Schwab Corp,"The Charles Schwab Corporation is an American multinational financial services company. It offers banking, commercial banking, an electronic trading platform, and wealth management advisory services to both retail and institutional clients.",316709,NYSE,USD,USA,FINANCE,"SECURITY BROKERS, DEALERS & FLOTATION COMPANIES","211 MAIN STREET, SAN FRANCISCO, CA, US",https://www.schwab.com,December,2024-09-30,149208302000,,32.16,1.312,20.78,1.0,0.0121,2.56,10.26,0.275,0.384,0.0109,0.121,18736001000,20174000000,2.56,0.271,0.052,80.9,5,7,8,1,1,32.16,22.17,7.96,3.924,11.42,-,0.952,83.35,58.8,74.06,70.67,1779660000,2024-11-22,2024-11-08
MO,Common Stock,Altria Group,"Altria Group, Inc. (previously known as Philip Morris Companies, Inc.) is an American corporation and one of the world's largest producers and marketers of tobacco, cigarettes and related products. It operates worldwide and is headquartered in unincorporated Henrico County, Virginia, just outside the city of Richmond.",764180,NYSE,USD,USA,MANUFACTURING,CIGARETTES,"6601 WEST BROAD STREET, RICHMOND, VA, US",https://www.altria.com,December,2024-09-30,91740070000,12216001000.0,9.14,3.786,-2.044,3.96,0.0746,5.92,11.73,0.505,0.598,0.211,0.0,20362000000,14183000000,5.92,0.099,0.013,56.8,1,3,7,1,1,9.14,10.22,4.505,27.3,5.65,7.63,0.67,58.04,36.85,53.54,48.63,1694810000,2025-01-10,2024-12-26
INTC,Common Stock,Intel Corporation,"Intel Corporation is an American multinational corporation and technology company headquartered in Santa Clara, California, in Silicon Valley. It is the world's largest semiconductor chip manufacturer by revenue, and is the developer of the x86 series of microprocessors, the processors found in most personal computers (PCs).",50863,NASDAQ,USD,USA,MANUFACTURING,SEMICONDUCTORS & RELATED DEVICES,"2200 MISSION COLLEGE BLVD, RNB-4-151, SANTA CLARA, CA, US",https://www.intel.com,December,2024-09-30,88157725000,10439000000.0,,0.582,23.1,0.495,0.0224,-3.74,12.75,-0.294,-0.0105,-0.0026,-0.156,54246998000,26866000000,-3.74,-0.717,-0.062,24.42,1,4,35,2,4,-,23.42,1.625,0.903,2.138,35.24,1.026,50.6,18.51,23.06,28.66,4313000000,2024-09-01,2024-08-07
AMZN,Common Stock,Amazon.com Inc,"Amazon.com, Inc. is an American multinational technology company which focuses on e-commerce, cloud computing, digital streaming, and artificial intelligence. It is one of the Big Five companies in the U.S. information technology industry, along with Google, Apple, Microsoft, and Facebook. The company has been referred to as one of the most influential economic and cultural forces in the world, as well as the world's most valuable brand.",1018724,NASDAQ,USD,USA,TRADE & SERVICES,RETAIL-CATALOG & MAIL-ORDER HOUSES,"410 TERRY AVENUE NORTH, SEATTLE, WA, US",https://www.aboutamazon.com,December,2024-09-30,2185963373000,111583003000.0,44.52,1.714,24.66,,,4.67,59.49,0.0804,0.11,0.0707,0.226,620127977000,225152000000,4.67,0.521,0.11,234.29,16,46,4,0,0,44.52,33.44,3.525,8.35,3.564,19.47,1.146,215.9,142.81,194.13,184.3,10515000000,,
AMT,Common Stock,American Tower Corp,"American Tower Corporation (also referred to as American Tower or ATC) is an American real estate investment trust and an owner and operator of wireless and broadcast communications infrastructure in several countries worldwide and is headquartered in Boston, Massachusetts.",1053507,NYSE,USD,USA,REAL ESTATE & CONSTRUCTION,REAL ESTATE INVESTMENT TRUSTS,"116 HUNTINGTON AVE, BOSTON, MA, US",https://www.americantower.com,December,2024-09-30,86378373000,6966100000.0,44.44,1.198,7.79,6.56,0.0335,4.16,23.93,0.0994,0.452,0.0445,0.177,11167700000,7447300000,4.16,0.882,0.0,237.53,6,9,7,0,0,44.44,30.21,7.73,24.8,11.9,21.81,0.842,241.8,167.84,209.46,205.85,467289000,2025-02-03,2024-12-27
SBUX,Common Stock,Starbucks Corporation,"Starbucks Corporation is an American multinational chain of coffeehouses and roastery reserves headquartered in Seattle, Washington. As the world's largest coffeehouse chain, Starbucks is seen to be the main representation of the United States' second wave of coffee culture.",829224,NASDAQ,USD,USA,TRADE & SERVICES,RETAIL-EATING & DRINKING PLACES,"P O BOX 34067, SEATTLE, WA, US",https://www.starbucks.com,September,2024-09-30,110454784000,6700000000.0,29.43,1.971,-6.57,2.32,0.025,3.31,31.81,0.104,0.133,0.105,0.0,36176200000,8385400000,3.31,-0.246,-0.032,103.3,7,11,13,3,1,29.43,30.49,3.053,-,3.669,18.63,0.962,103.32,70.4,98.14,88.24,1133800000,2025-02-28,2025-02-14
CAT,Common Stock,Caterpillar Inc,"Caterpillar Inc. (often shortened to CAT) is an American Fortune 100 corporation that designs, develops, engineers, manufactures, markets, and sells machinery, engines, financial products, and insurance to customers via a worldwide dealer network.",18230,NYSE,USD,USA,TECHNOLOGY,CONSTRUCTION MACHINERY & EQUIP,"510 LAKE COOK ROAD, SUITE 100, DEERFIELD, IL, US",https://www.caterpillar.com,December,2024-09-30,190721262000,15819000000.0,18.35,2.693,40.18,5.42,0.0143,21.53,133.3,0.163,0.195,0.0993,0.535,65664000000,15565000000,21.53,-0.072,-0.042,379.99,3,7,9,6,0,18.35,18.18,2.905,9.83,3.396,13.89,1.095,418.5,255.03,392.58,356.94,482802000,2024-11-20,2024-10-21
MCD,Common Stock,McDonalds Corporation,"McDonald's Corporation is an American fast food company, founded in 1940 as a restaurant operated by Richard and Maurice McDonald, in San Bernardino, California, United States. They rechristened their business as a hamburger stand, and later turned the company into a franchise, with the Golden Arches logo being introduced in 1953 at a location in Phoenix, Arizona.",63908,NYSE,USD,USA,TRADE & SERVICES,RETAIL-EATING PLACES,"110 NORTH CARPENTER STREET, CHICAGO, IL, US",https://www.mcdonalds.com,December,2024-09-30,214255059000,13845500000.0,26.27,2.701,-7.22,6.68,0.0236,11.38,36.01,0.318,0.47,0.136,0.0,25938700000,13207200000,11.38,-0.013,0.027,321.51,6,14,14,0,1,26.27,23.7,8.26,-,10.29,19.26,0.735,316.0,240.66,299.7,279.58,716620000,2024-12-16,2024-12-02
ORCL,Common Stock,Oracle Corporation,"Oracle is an American multinational computer technology corporation headquartered in Austin, Texas. The company was formerly headquartered in Redwood Shores, California until December 2020 when it moved its headquarters to Texas. The company sells database software and technology, cloud engineered systems, and enterprise software products, particularly its own brands of database management systems.",1341439,NYSE,USD,USA,TECHNOLOGY,SERVICES-PREPACKAGED SOFTWARE,"500 ORACLE PARKWAY, MAIL STOP 5 OP 7, REDWOOD CITY, CA, US",https://www.oracle.com,May,2024-08-31,512202703000,21803000000.0,47.64,1.946,3.903,1.6,0.0087,3.88,19.55,0.204,0.305,0.0729,1.556,53815001000,36390000000,3.88,0.198,0.069,183.45,5,17,12,0,1,47.64,29.5,9.52,47.36,10.89,26.49,1.013,196.04,98.06,177.13,141.65,2771060000,2024-10-24,2024-10-10
INTU,Common Stock,Intuit Inc,"Intuit Inc. is an American business that specializes in financial software. Intuit's products include the tax preparation application TurboTax, personal finance app Mint and the small business accounting program QuickBooks.",896878,NASDAQ,USD,USA,TECHNOLOGY,SERVICES-PREPACKAGED SOFTWARE,"2700 COAST AVENUE, MOUNTAIN VIEW, CA, US",https://www.intuit.com,July,2024-10-31,180957938000,4496000000.0,62.89,1.941,65.78,0.0,0.0061,10.28,58.16,0.182,0.157,0.0804,0.166,16285000000,11388000000,10.28,-0.185,0.41,724.63,7,16,9,0,0,62.89,33.67,11.11,9.98,11.11,40.56,1.246,714.78,555.59,634.72,633.44,279917000,2025-01-17,2024-10-10
TXN,Common Stock,Texas Instruments Incorporated,"Texas Instruments Incorporated (TI) is an American technology company headquartered in Dallas, Texas, that designs and manufactures semiconductors and various integrated circuits, which it sells to electronics designers and manufacturers globally. It is one of the top 10 semiconductor companies worldwide based on sales volume.",97476,NASDAQ,USD,USA,MANUFACTURING,SEMICONDUCTORS & RELATED DEVICES,"P.O. BOX 660199, DALLAS, TX, US",https://www.ti.com,December,2024-09-30,176149119000,6897000000.0,35.83,3.097,18.93,5.2,0.0282,5.39,17.25,0.316,0.373,0.102,0.293,15711000000,13771000000,5.39,-0.206,-0.084,208.52,2,10,19,1,4,35.83,30.3,11.21,10.2,11.58,23.94,0.98,220.38,152.35,203.48,192.59,912217000,2024-11-12,2024-10-31
TMO,Common Stock,Thermo Fisher Scientific Inc,"Thermo Fisher Scientific is an American provisioner of scientific instrumentation, reagents and consumables, and software and services to healthcare, life science, and other laboratories in academia, government, and industry (including in the biotechnology and pharmaceutical sectors). Based in Waltham, Massachusetts, Thermo Fisher was created in 2006 by the merger of Thermo Electron and Fisher Scientific, to form a company with US$ 9 billion in combined revenues.",97745,NYSE,USD,USA,LIFE SCIENCES,"MEASURING & CONTROLLING DEVICES, NEC","168 THIRD AVENUE, WALTHAM, MA, US",https://www.thermofisher.com,December,2024-09-30,202480189000,10582000000.0,33.23,2.019,128.08,1.52,0.0029,15.93,110.63,0.145,0.181,0.0467,0.129,42369999000,18998000000,15.93,-0.038,0.002,653.94,8,17,6,0,0,33.23,22.42,4.779,4.133,5.46,20.09,0.792,627.48,490.03,559.96,576.4,382500000,2025-01-15,2024-12-13
NEE,Common Stock,Nextera Energy Inc,"NextEra Energy, Inc. is an American energy company with about 46 gigawatts of generating capacity, revenues of over $17 billion in 2017, and about 14,000 employees throughout the US and Canada. Its subsidiaries include Florida Power & Light (FPL), NextEra Energy Resources, NextEra Energy Partners, Gulf Power Company, and NextEra Energy Services.",753308,NYSE,USD,USA,ENERGY & TRANSPORTATION,ELECTRIC SERVICES,"700 UNIVERSE BLVD, JUNO BEACH, FL, US",https://www.nexteraenergy.com,December,2024-09-30,153613631000,14578000000.0,22.0,3.05,24.34,2.013,0.0278,3.37,12.79,0.265,0.356,0.0305,0.0989,26246001000,10139000000,3.37,0.5,0.055,87.19,7,8,8,1,0,22,20.45,5.85,3.069,8.92,13.87,0.561,85.53,52.9,79.42,73.8,2056400000,2024-12-16,2024-11-22
UPS,Common Stock,United Parcel Service Inc,United Parcel Service is an American multinational shipping & receiving and supply chain management company founded in 1907.,1090727,NYSE,USD,USA,ENERGY & TRANSPORTATION,TRUCKING & COURIER SERVICES (NO AIR),"55 GLENLAKE PARKWAY NE, ATLANTA, GA, US",https://www.ups.com,December,2024-09-30,109879910000,12007999000.0,19.45,1.642,19.76,6.51,0.0506,6.62,105.94,0.0625,0.0922,0.0763,0.314,90685997000,25086000000,6.62,0.374,0.056,149.17,2,13,12,1,2,19.45,14.71,1.212,6.52,1.434,11.04,0.982,154.74,120.09,132.84,137.56,731370000,2024-12-05,2024-11-18
FI,Common Stock,"Fiserv, Inc.","Frank's International NV, provides various tubular engineering services for oil and gas exploration and production, and oilfield service companies in the United States, Europe, the Middle East, Africa, Latin America, Asia Pacific and internationally. The company is headquartered in Den Helder, the Netherlands.",798354,NYSE,USD,USA,TECHNOLOGY,SERVICES-COMPUTER PROCESSING & DATA PREPARATION,"255 FISERV DR, PO BOX 979, BROOKFIELD, WI, US",https://www.fiserv.com,December,2024-09-30,116434960000,8766000000.0,39.51,1.383,48.69,,,5.18,34.31,0.152,0.307,0.0432,0.106,20121999000,9745000000,5.18,-0.372,0.07,226.79,10,21,7,0,1,39.51,20.08,5.79,4.181,7.0,16.14,0.919,223.23,131.41,204.66,169.51,568919000,2017-09-15,2017-08-29
COST,Common Stock,Costco Wholesale Corp,"Costco Wholesale Corporation (doing business as Costco Wholesale and also known simply as Costco) is an American multinational corporation which operates a chain of membership-only (needing a membership to shop there) big-box retail stores. As of 2020, Costco was the fifth largest retailer in the world, and the world's largest retailer of choice and prime beef, organic foods, rotisserie chicken, and wine as of 2016.",909832,NASDAQ,USD,USA,TRADE & SERVICES,RETAIL-VARIETY STORES,"999 LAKE DRIVE, ISSAQUAH, WA, US",https://www.costco.com,August,2024-08-31,430614741000,11522000000.0,58.83,5.9,53.31,4.36,0.0048,16.52,573.2,0.029,0.0382,0.0836,0.303,254453006000,30095000000,16.52,0.088,0.01,939.89,7,17,13,1,0,58.83,53.48,1.692,18.23,1.681,35.22,0.789,976.5,580.37,906.47,829.39,443074000,2024-11-15,2024-11-01
ADI,Common Stock,Analog Devices Inc,"Analog Devices, Inc. (ADI), also known simply as Analog, is an American multinational semiconductor company specializing in data conversion, signal processing and power management technology, headquartered in Wilmington, Massachusetts.",6281,NASDAQ,USD,USA,MANUFACTURING,SEMICONDUCTORS & RELATED DEVICES,"ONE TECHNOLOGY WAY, NORWOOD, MA, US",https://www.analog.com,October,2024-10-31,106118226000,4361349000.0,65.39,0.987,70.88,0.0,0.0165,3.27,19.54,0.171,0.218,0.0286,0.0466,9700436000,7877218000,3.27,-0.546,-0.248,251.9,4,14,14,0,0,65.39,29.59,10.94,3.017,11.82,26.5,1.078,242.09,178.73,222.16,217.84,496297000,2024-12-20,2024-09-03
SYK,Common Stock,Stryker Corporation,"Stryker Corporation is an American multinational medical technologies corporation based in Kalamazoo, Michigan. Stryker's products include implants used in joint replacement and trauma surgeries; surgical equipment and surgical navigation systems; endoscopic and communications systems; patient handling and emergency medical equipment; neurosurgical, neurovascular and spinal devices; as well as other medical device products used in a variety of medical specialties.",310764,NYSE,USD,USA,LIFE SCIENCES,SURGICAL & MEDICAL INSTRUMENTS & APPARATUS,"2825 AIRVIEW BLVD, KALAMAZOO, MI, US",https://www.stryker.com,December,2024-09-30,143398207000,5693000000.0,40.32,2.626,52.85,3.2,0.0089,9.33,57.73,0.163,0.216,0.0711,0.189,21974000000,11646000000,9.33,0.2,0.119,402.49,8,13,10,0,1,40.32,27.86,6.53,7.12,7.02,28.46,0.92,398.2,283.08,371.38,350.76,381216000,2024-10-31,2024-12-31
KO,Common Stock,The Coca-Cola Company,"The Coca-Cola Company is an American multinational beverage corporation incorporated under Delaware's General Corporation Law and headquartered in Atlanta, Georgia. The Coca-Cola Company has interests in the manufacturing, retailing, and marketing of nonalcoholic beverage concentrates and syrups.",21344,NYSE,USD,USA,MANUFACTURING,BEVERAGES,"ONE COCA COLA PLAZA, ATLANTA, GA, US",https://www.coca-colacompany.com,December,2024-09-30,267988238000,14831000000.0,25.81,2.678,6.15,1.915,0.0305,2.41,10.75,0.225,0.302,0.0844,0.372,46365999000,25004000000,2.41,-0.07,-0.008,74.26,6,11,6,0,1,25.81,21.41,5.78,10.32,6.51,19.5,0.62,72.48,55.77,66.89,64.8,4307800000,2024-12-16,2024-11-29
PEP,Common Stock,PepsiCo Inc,"PepsiCo, Inc. is an American based multinational food, snack, and beverage corporation headquartered in Harrison, New York, in the hamlet of Purchase. PepsiCo's business encompasses all aspects of the food and beverage market. It oversees the manufacturing, distribution, and marketing of its products.",77476,NASDAQ,USD,USA,MANUFACTURING,BEVERAGES,"700 ANDERSON HILL RD, PURCHASE, NY, US",https://www.pepsico.com,December,2024-09-30,219765359000,16913000000.0,23.87,1.924,14.17,5.24,0.0335,6.71,66.91,0.102,0.18,0.0872,0.488,91919999000,46050000000,6.71,-0.049,-0.006,181.94,2,5,14,1,0,23.87,18.66,2.391,11.4,2.816,15.92,0.542,180.59,155.85,167.59,170.51,1371990000,2025-01-06,2024-12-06
NOW,Common Stock,ServiceNow Inc,"ServiceNow is an American software company based in Santa Clara, California that develops a cloud computing platform to help companies manage digital workflows for enterprise operations.",1373715,NYSE,USD,USA,TECHNOLOGY,SERVICES-PREPACKAGED SOFTWARE,"2225 LAWSON LANE, SANTA CLARA, CA, US",https://www.servicenow.com,December,2024-09-30,231720796000,1824000000.0,163.96,2.86,45.03,,,6.85,50.95,0.128,0.149,0.047,0.162,10464000000,5672000000,6.85,0.769,0.222,1015.27,10,25,5,1,0,163.96,62.89,22.14,23.48,20.56,97.33,0.986,1130.6,637.99,965.77,820.35,206317000,,
ADBE,Common Stock,Adobe Systems Incorporated,"Adobe Inc. is an American multinational computer software company. Incorporated in Delaware and headquartered in San Jose, California, it has historically specialized in software for the creation and publication of a wide range of content, including graphics, photography, illustration, animation, multimedia, motion pictures and print. The company has expanded into digital marketing management software. Adobe has millions of users worldwide. Flagship products include: Photoshop image editing software, Adobe Illustrator vector-based illustration software, Adobe Acrobat Reader and the Portable Document Format (PDF), plus a host of tools primarily for audio-visual content creation, editing and publishing.",796343,NASDAQ,USD,USA,TECHNOLOGY,SERVICES-PREPACKAGED SOFTWARE,"345 PARK AVE, SAN JOSE, CA, US",https://www.adobe.com,November,2024-08-31,236162892000,8134000000.0,43.65,1.669,32.69,,,12.29,46.48,0.256,0.368,0.16,0.354,20946999000,15441000000,12.29,0.233,0.106,613.11,9,19,7,1,2,43.65,25.06,11.27,15.62,10.78,29.12,1.299,638.25,433.97,502.83,516.27,440200000,,2005-03-24
LLY,Common Stock,Eli Lilly and Company,"Eli Lilly and Company is an American pharmaceutical company headquartered in Indianapolis, Indiana, with offices in 18 countries. Its products are sold in approximately 125 countries.",59478,NYSE,USD,USA,LIFE SCIENCES,PHARMACEUTICAL PREPARATIONS,"LILLY CORPORATE CTR, DROP CODE 1094, INDIANAPOLIS, IN, US",https://www.lilly.com,December,2024-09-30,715270914000,16566500000.0,85.43,0.747,15.82,5.03,0.0065,9.31,45.37,0.205,0.398,0.14,0.653,40863302000,21911600000,9.31,0.682,0.204,992.18,7,15,4,1,0,85.43,35.09,17.5,50.23,18.18,59.36,0.43,970.92,558.01,854.51,836.58,899316000,2024-12-10,2024-11-15
LOW,Common Stock,Lowe's Companies Inc,"Lowe's Companies, Inc. is an American retail company specializing in home improvement. Headquartered in Mooresville, North Carolina, the company operates a chain of retail stores in the United States and Canada.",60667,NYSE,USD,USA,TRADE & SERVICES,RETAIL-LUMBER & OTHER BUILDING MATERIALS DEALERS,"1000 LOWE'S BLVD., MOORESVILLE, NC, US",https://www.lowes.com,January,2024-10-31,154798670000,12433000000.0,22.47,4.149,-26.22,0.0,0.0169,12.02,146.89,0.0825,0.146,0.146,0.0,84023001000,32257000000,12.02,-0.086,-0.055,281.5,4,17,14,1,2,22.47,21.69,1.842,321.82,2.284,15.39,1.098,285.8,206.49,271.01,245.24,564650000,2025-02-05,2025-01-22
PG,Common Stock,Procter & Gamble Company,"The Procter & Gamble Company (P&G) is an American multinational consumer goods corporation headquartered in Cincinnati, Ohio, founded in 1837 by William Procter and James Gamble. It specializes in a wide range of personal health, consumer health, personal care, and hygiene products; these products are organized into several segments including Beauty; Grooming; Health Care; Fabric & Home Care; and Baby, Feminine, & Family Care. Before the sale of Pringles to Kellogg's, its product portfolio also included food, snacks, and beverages.",80424,NYSE,USD,USA,LIFE SCIENCES,"SOAP, DETERGENTS, CLEANG PREPARATIONS, PERFUMES, COSMETICS","ONE PROCTER & GAMBLE PLAZA, CINCINNATI, OH, US",https://www.pginvestor.com,June,2024-09-30,423437861000,24039999000.0,30.93,3.785,21.68,3.894,0.0225,5.81,35.57,0.171,0.278,0.106,0.288,83905004000,39246000000,5.81,-0.121,-0.006,180.46,4,11,11,0,1,30.93,25.71,5.05,8.27,5.33,20.35,0.414,180.43,139.04,170.37,166.42,2355040000,2024-11-15,2024-10-18
ABBV,Common Stock,AbbVie Inc,AbbVie is an American publicly traded biopharmaceutical company founded in 2013. It originated as a spin-off of Abbott Laboratories.,1551152,NYSE,USD,USA,LIFE SCIENCES,PHARMACEUTICAL PREPARATIONS,"1 NORTH WAUKEGAN ROAD, NORTH CHICAGO, IL, US",https://www.abbvie.com,December,2024-09-30,320735904000,25629999000.0,63.24,0.434,3.413,6.2,0.0361,2.87,31.4,0.0922,0.289,0.0772,0.564,55532999000,41527000000,2.87,-0.123,0.038,204.48,8,13,8,0,0,63.24,15.34,5.78,53.25,6.93,21.12,0.613,207.32,140.07,188.19,179.04,1767140000,2025-02-14,2025-01-15
APO,Common Stock,Apollo Global Management LLC Class A,,1858681,NYSE,USD,USA,FINANCE,INVESTMENT ADVICE,"9 WEST 57TH STREET, 42ND FLOOR, NEW YORK, NY, US",https://www.apollo.com/institutional/homepage,December,2024-09-30,99764683000,,18.62,1.37,29.1,1.818,0.0105,9.47,54.04,0.185,0.348,0.0254,0.335,31670999000,29474000000,9.47,0.174,2.851,177.94,6,9,5,0,0,18.62,20.88,3.15,6.06,2.734,14.76,1.589,189.49,88.44,157.99,125.4,565816000,2024-11-29,2024-11-18
BKNG,Common Stock,Booking Holdings Inc,"Booking Holdings Inc. is an American travel technology company organized in Delaware and based in Norwalk, Connecticut, that owns and operates several travel fare aggregators and travel fare metasearch engines including namesake and flagship Booking.com, Priceline.com, Agoda.com, Kayak.com, Cheapflights, Rentalcars.com, Momondo, and OpenTable.",1075531,NASDAQ,USD,USA,ENERGY & TRANSPORTATION,TRANSPORTATION SERVICES,"800 CONNECTICUT AVE, NORWALK, CT, US",https://www.bookingholdings.com,December,2024-09-30,175423750000,7183000000.0,35.84,1.306,-110.11,26.25,0.0066,147.88,677.22,0.218,0.409,0.154,2.257,23051999000,14625000000,147.88,0.065,0.089,5082.01,6,19,12,0,1,35.84,25.19,7.61,34.95,7.65,22.44,1.385,5337.2,3167.39,4686.25,3963.18,33096700,2024-12-31,2024-12-06
TJX,Common Stock,The TJX Companies Inc,"The TJX Companies, Inc. (abbreviated TJX) is an American multinational off-price department store corporation, headquartered in Framingham, Massachusetts.",109198,NYSE,USD,USA,TRADE & SERVICES,RETAIL-FAMILY CLOTHING STORES,"770 COCHITUATE RD, FRAMINGHAM, MA, US",https://www.tjx.com,January,2024-10-31,140784599000,7125000000.0,29.45,2.575,6.44,0.0,0.0125,4.24,48.96,0.0856,0.106,0.128,0.662,55623000000,13787000000,4.24,0.129,0.056,129.05,5,15,4,1,0,29.45,26.81,2.531,17.39,2.661,19.85,0.893,128.0,88.15,118.67,109.56,1124160000,2024-12-05,2024-11-14
MRK,Common Stock,Merck & Company Inc,"Merck & Co. is an American multinational pharmaceutical company headquartered in Kenilworth, New Jersey. It is named after the Merck family, which set up Merck Group in Germany in 1668.",310158,NYSE,USD,USA,LIFE SCIENCES,PHARMACEUTICAL PREPARATIONS,"2000 GALLOPING HILL ROAD, KENILWORTH, NJ, US",https://www.merck.com,December,2024-09-30,257643823000,22927999000.0,21.31,0.0709,17.58,3.04,0.0322,4.78,24.93,0.192,0.262,0.105,0.283,63174001000,42077000000,4.78,-0.333,0.044,130.33,5,15,7,0,0,21.31,10.52,4.078,5.79,4.451,14.62,0.411,133.74,94.48,105.48,119.73,2529640000,2025-01-08,2024-12-16
UNP,Common Stock,Union Pacific Corporation,"The Union Pacific Corporation (Union Pacific) is a publicly traded railroad holding company. It was incorporated in Utah in 1969 and is headquartered in Omaha, Nebraska. It is the parent company of the current, Delaware-registered, form of the Union Pacific Railroad.",100885,NYSE,USD,USA,ENERGY & TRANSPORTATION,"RAILROADS, LINE-HAUL OPERATING","1400 DOUGLAS STREET, STOP 0310, OMAHA, NE, US",https://www.up.com,December,2024-09-30,141730759000,12030000000.0,21.51,2.483,27.32,5.24,0.0229,10.87,39.9,0.273,0.399,0.0899,0.434,24288000000,13367000000,10.87,0.096,0.025,257.36,4,12,14,0,0,21.51,19.8,5.84,8.67,7.22,14.19,1.056,256.59,216.15,238.79,239.69,606257000,2024-12-30,2024-12-09
HD,Common Stock,Home Depot Inc,"The Home Depot, Inc., commonly known as Home Depot, is the largest home improvement retailer in the United States, supplying tools, construction products, and services. The company is headquartered in incorporated Cobb County, Georgia, with an Atlanta mailing address.",354950,NYSE,USD,USA,TRADE & SERVICES,RETAIL-LUMBER & OTHER BUILDING MATERIALS DEALERS,"2455 PACES FERRY ROAD, ATLANTA, GA, US",https://www.homedepot.com,January,2024-10-31,426281861000,24758000000.0,29.15,5.54,5.84,2.25,0.021,14.72,156.16,0.0945,0.135,0.153,0.405,154596000000,52778000000,14.72,-0.037,0.066,428.58,6,19,13,2,0,29.15,27.1,2.757,73.67,3.157,19.54,1.011,437.07,312.36,406.7,368.42,993363000,2024-12-12,2024-11-27
ISRG,Common Stock,Intuitive Surgical Inc,"Intuitive Surgical, Inc. is an American corporation that develops, manufactures, and markets robotic products designed to improve clinical outcomes of patients through minimally invasive surgery, most notably with the da Vinci Surgical System.",1035267,NASDAQ,USD,USA,LIFE SCIENCES,"ORTHOPEDIC, PROSTHETIC & SURGICAL APPLIANCES & SUPPLIES","1020 KIFER ROAD, SUNNYVALE, CA, US",https://www.intuitive.com,December,2024-09-30,196044472000,2505100000.0,88.49,4.082,43.75,,,6.22,22.22,0.285,0.283,0.0795,0.16,7866900000,4196000000,6.22,0.345,0.169,544.62,8,14,8,1,0,88.49,70.92,24.92,12.58,24.38,75.97,1.389,556.23,309.8,515.03,447.22,356179000,,
CSCO,Common Stock,Cisco Systems Inc,"Cisco Systems, Inc. is an American multinational technology conglomerate headquartered in San Jose, California, in the center of Silicon Valley. Cisco develops, manufactures and sells networking hardware, software, telecommunications equipment and other high-technology services and products. Through its numerous acquired subsidiaries, such as OpenDNS, Webex, Jabber and Jasper, Cisco specializes in specific tech markets, such as the Internet of Things (IoT), domain security and energy management. On January 25, 2021, Cisco reincorporated in Delaware.",858877,NASDAQ,USD,USA,TECHNOLOGY,COMPUTER COMMUNICATIONS EQUIPMENT,"170 WEST TASMAN DR, SAN JOSE, CA, US",https://www.cisco.com,July,2024-10-31,237452149000,13752001000.0,25.59,2.675,11.35,1.19,0.0269,2.33,13.16,0.177,0.17,0.0628,0.208,52976001000,35753000000,2.33,-0.237,-0.056,61.95,3,8,17,0,0,25.59,16.31,4.482,5.23,4.723,17.54,0.819,60.23,44.16,55.98,50.08,3982760000,2025-01-22,2025-01-03
GILD,Common Stock,Gilead Sciences Inc,"Gilead Sciences, Inc. is an American biopharmaceutical company headquartered in Foster City, California, that focuses on researching and developing antiviral drugs used in the treatment of HIV, hepatitis B, hepatitis C, and influenza, including Harvoni and Sovaldi.",882095,NASDAQ,USD,USA,LIFE SCIENCES,"BIOLOGICAL PRODUCTS, (NO DISGNOSTIC SUBSTANCES)","333 LAKESIDE DR, FOSTER CITY, CA, US",https://www.gilead.com,December,2024-09-30,114476130000,13949000000.0,1020.61,0.529,14.83,3.06,0.0335,0.09,22.7,0.0045,0.42,0.12,0.0056,28299000000,21624000000,0.09,-0.422,0.07,98.92,5,14,13,0,0,1020.61,12.21,4.045,6.2,4.689,33.87,0.192,98.08,60.24,89.8,76.51,1246270000,2024-12-30,2024-12-13
SO,Common Stock,Southern Company,"Southern Company is an American gas and electric utility holding company based in the southern United States. It is headquartered in Atlanta, Georgia, with executive offices also located in Birmingham, Alabama.",92122,NYSE,USD,USA,ENERGY & TRANSPORTATION,ELECTRIC SERVICES,"30 IVAN ALLEN JR. BLVD., N.W., ATLANTA, GA, US",https://www.southerncompany.com,December,2024-09-30,89297920000,13061000000.0,19.0,2.979,30.39,2.84,0.0346,4.29,24.14,0.179,0.351,0.0348,0.127,26428000000,10821000000,4.29,0.078,0.042,92.02,4,5,11,1,1,19.0,19.38,3.379,2.74,5.88,11.62,0.509,93.68,63.73,88.39,81.83,1095680000,2024-12-06,2024-11-18
VRTX,Common Stock,Vertex Pharmaceuticals Inc,"Vertex Pharmaceuticals, Inc. is an American biopharmaceutical company based in Boston, Massachusetts.",875320,NASDAQ,USD,USA,LIFE SCIENCES,PHARMACEUTICAL PREPARATIONS,"50 NORTHERN AVENUE, BOSTON, MA, US",https://www.vrtx.com,December,2024-09-30,119423926000,4446600000.0,,1.216,60.65,,,-1.9,41.19,-0.0451,0.408,0.12,-0.0298,10625800000,5323100000,-1.9,0.01,0.116,515.14,5,17,11,2,1,-,25.25,11.24,7.64,10.79,221.37,0.394,519.88,391.01,473.34,457.23,257529000,,
DE,Common Stock,Deere & Company,"John Deere is the brand name of Deere & Company, an American corporation that manufactures agricultural, construction, and forestry machinery, diesel engines, drivetrains (axles, transmissions, gearboxes) used in heavy equipment, and lawn care equipment.",315189,NYSE,USD,USA,TECHNOLOGY,FARM MACHINERY & EQUIPMENT,"ONE JOHN DEERE PLACE, MOLINE, IL, US",https://www.deere.com,October,2024-07-31,122848854000,14364000000.0,17.19,2.224,84.29,0.0,0.0145,25.62,200.39,0.147,0.19,0.0786,0.355,55955001000,21117000000,25.62,-0.383,-0.168,460.48,5,7,11,0,1,17.19,22.68,2.196,5.24,3.496,12.04,0.935,469.39,339.0,418.82,392.64,271575000,2025-02-10,2024-09-30
BAC,Common Stock,Bank of America Corp,"The Bank of America Corporation is an American multinational investment bank and financial services holding company headquartered in Charlotte, North Carolina. Founded in San Francisco, Bank of America was formed through NationsBank's acquisition of BankAmerica in 1998. It is the second largest banking institution in the United States, after JPMorgan Chase, and the eighth largest bank in the world. Bank of America is one of the Big Four banking institutions of the United States. It services approximately 10 percent of all American bank deposits, in direct competition with JPMorgan Chase, Citigroup and Wells Fargo. Its primary financial services revolve around commercial banking, wealth management, and investment banking.",70858,NYSE,USD,USA,FINANCE,NATIONAL COMMERCIAL BANKS,"BANK OF AMERICA CORPORATE CENTER, 100 N TRYON ST, CHARLOTTE, NC, US",https://www.bankofamerica.com,December,2024-09-30,359244235000,,16.96,2.091,35.37,0.98,0.0221,2.76,11.95,0.249,0.308,0.0073,0.0809,94625997000,92407000000,2.76,-0.1,-0.005,48.13,8,8,5,0,1,16.96,12.76,3.796,1.321,7.3,-,1.325,48.08,29.86,43.0,39.61,7672880000,2024-12-27,2024-12-06
